{
    "relu": {
        "cnn_3layer_bn": 3.474012056350708,
        "cnn_5layer_bn": 3.007198901748656,
        "cnn_7layer_bn": 2.8968282913207983,
        "cnn_9layer_bn": 2.788738163757323,
        "cnn_11layer_bn": 2.746861679458618,
        "cnn_13layer_bn": 2.71463427619934
    }
}