{
    "relu": {
        "cnn_2layer_bn": 0.13830372304916388,
        "cnn_3layer_bn": 0.02490963209569457,
        "cnn_5layer_bn": 0.0003439946304541081,
        "cnn_7layer_bn": 8.51973565090703e-08,
        "cnn_9layer_bn": 1.8635251168852564e-10,
        "cnn_11layer_bn": 4.851664805148596e-13,
        "cnn_13layer_bn": 2.052885450878634e-15
    },
    "DLN": {
        "cnn_2layer_bn": 0.09573061459064479,
        "cnn_3layer_bn": 0.012240186062455177,
        "cnn_5layer_bn": 7.868859415175404e-05,
        "cnn_7layer_bn": 9.894535089927095e-09,
        "cnn_9layer_bn": 1.197887053300263e-11,
        "cnn_11layer_bn": 1.4133664823624926e-14,
        "cnn_13layer_bn": 1.6375952892056532e-17
    }
}